"[Raritan Valley, New York Penn Station, 1910]"
"[Raritan Valley, Secaucus Upper Level, 2003]"
"[Raritan Valley, Newark Penn Station, 1935]"
"[Raritan Valley, Union, 2003]"
"[Raritan Valley, Roselle Park, 1891]"
"[Raritan Valley, Cranford, 1839]"
"[Raritan Valley, Garwood, 1892]"
"[Raritan Valley, Westfield, 1839]"
"[Raritan Valley, Fanwood, 1838]"
"[Raritan Valley, Netherwood, 1874]"
"[Raritan Valley, Plainfield, 1839]"
"[Raritan Valley, Dunellen, 1840]"
"[Raritan Valley, Bound Brook, 1842]"
"[Raritan Valley, Bridgewater, 1999]"
"[Raritan Valley, Somerville, 1842]"
"[Raritan Valley, Raritan, 1848]"
"[Raritan Valley, North Branch, 1848]"
"[Raritan Valley, White House, 1848]"
"[Raritan Valley, Lebanon, 1852]"
"[Raritan Valley, Annandale, 1852]"
"[Raritan Valley, High Bridge, 1856]"
"[Princeton Shuttle, Princeton Junction, 1987]"
"[Princeton Shuttle, Princeton, 2014]"
"[Pascack Valley, Montvale, 1871]"
"[Pascack Valley, Wood Ridge, 1861]"
"[Pascack Valley, Anderson Street, 1861]"
"[Pascack Valley, Oradell, 1870]"
"[Pascack Valley, Emerson, 1870]"
"[Pascack Valley, Westwood, 1870]"
"[Pascack Valley, River Edge, 1870]"
"[Pascack Valley, Hillsdale, 1870]"
"[Pascack Valley, Park Ridge, 1871]"
"[Pascack Valley, Hoboken, 1903]"
"[Pascack Valley, Essex Street, 1869]"
"[Pascack Valley, New Bridge Landing, 1869]"
"[Pascack Valley, Pearl River, 1869]"
"[Pascack Valley, Nanuet, 1869]"
"[Pascack Valley, Spring Valley, 1841]"
"[Pascack Valley, Woodcliff Lake, 1871]"
"[Pascack Valley, Secaucus Lower Level, 2003]"
"[Pascack Valley, Teterboro, 2003]"
"[Northeast Corridor, Elizabeth, 1835]"
"[Northeast Corridor, Edison, 1959]"
"[Northeast Corridor, Hamilton, 2001]"
"[Northeast Corridor, Secaucus Upper Level, 2003]"
"[Northeast Corridor, North Elizabeth, 1898]"
"[Northeast Corridor, Newark Penn Station, 1935]"
"[Northeast Corridor, Metropark, 1971]"
"[Northeast Corridor, New York Penn Station, 1910]"
"[Northeast Corridor, Newark Airport, 2001]"
"[Northeast Corridor, Trenton, 1863]"
"[Northeast Corridor, Linden, 1864]"
"[Northeast Corridor, Rahway, 1856]"
"[Northeast Corridor, New Brunswick, 1838]"
"[Northeast Corridor, Jersey Avenue, 1963]"
"[Northeast Corridor, Metuchen, 1836]"
"[Northeast Corridor, Princeton Junction, 1864]"
"[No Jersey Coast, North Elizabeth, 1898]"
"[No Jersey Coast, Allenhurst, 1897]"
"[No Jersey Coast, Linden, 1864]"
"[No Jersey Coast, Rahway, 1856]"
"[No Jersey Coast, South Amboy, 1875]"
"[No Jersey Coast, Red Bank, 1875]"
"[No Jersey Coast, Long Branch, 1875]"
"[No Jersey Coast, Avenel, 1908]"
"[No Jersey Coast, Perth Amboy, 1875]"
"[No Jersey Coast, Little Silver, 1875]"
"[No Jersey Coast, New York Penn Station, 1910]"
"[No Jersey Coast, Newark Airport, 2001]"
"[No Jersey Coast, Spring Lake, 1875]"
"[No Jersey Coast, Asbury Park, 1875]"
"[No Jersey Coast, Middletown NJ, 1875]"
"[No Jersey Coast, Secaucus Upper Lvl, 2003]"
"[No Jersey Coast, Aberdeen-Matawan, 1875]"
"[No Jersey Coast, Hazlet, 1875]"
"[No Jersey Coast, Manasquan, 1875]"
"[No Jersey Coast, Woodbridge, 1875]"
"[No Jersey Coast, Belmar, 1875]"
"[No Jersey Coast, Bay Head, 1881]"
"[No Jersey Coast, Elizabeth, 1835]"
"[No Jersey Coast, Elberon, 1875]"
"[No Jersey Coast, Bradley Beach, 1875]"
"[No Jersey Coast, Hoboken, 1907]"
"[No Jersey Coast, Newark Penn Station, 1935]"
"[No Jersey Coast, Point Pleasant Beach, 1880]"
"[Morristown Line, Orange, 1836]"
"[Morristown Line, Morristown, 1838]"
"[Morristown Line, Mount Olive, 1854]"
"[Morristown Line, New York Penn Station, 1910]"
"[Morristown Line, Madison, 1837]"
"[Morristown Line, Convent Station, 1876]"
"[Morristown Line, East Orange, 1836]"
"[Morristown Line, Netcong, 1854]"
"[Morristown Line, Highland Avenue, 1918]"
"[Morristown Line, Chatham, 1837]"
"[Morristown Line, Hoboken, 1907]"
"[Morristown Line, Mount Tabor, 1881]"
"[Morristown Line, Lake Hopatcong, 1911]"
"[Morristown Line, Dover, 1848]"
"[Morristown Line, Newark Broad Street, 1856]"
"[Morristown Line, Short Hills, 1879]"
"[Morristown Line, Mount Arlington, 2008]"
"[Morristown Line, Secaucus Upper Level, 2003]"
"[Morristown Line, Mountain Station, 1915]"
"[Morristown Line, South Orange, 1869]"
"[Morristown Line, Maplewood, 1868]"
"[Morristown Line, Millburn, 1853]"
"[Morristown Line, Summit, 1837]"
"[Morristown Line, Brick Church, 1836]"
"[Morristown Line, Morris Plains, 1915]"
"[Morristown Line, Denville, 1848]"
"[Morristown Line, Hackettstown, 1854]"
"[Montclair-Boonton, Newark Broad Street, 1856]"
"[Montclair-Boonton, Mount Arlington, 2008]"
"[Montclair-Boonton, Hackettstown, 1854]"
"[Montclair-Boonton, Secaucus Upper Level, 2003]"
"[Montclair-Boonton, Bloomfield, 1855]"
"[Montclair-Boonton, Boonton, 1870]"
"[Montclair-Boonton, Little Falls, 1872]"
"[Montclair-Boonton, Netcong, 1854]"
"[Montclair-Boonton, Wayne-Route 23, 2008]"
"[Montclair-Boonton, Denville, 1848]"
"[Montclair-Boonton, New York Penn Station, 1910]"
"[Montclair-Boonton, Bay Street, 1981]"
"[Montclair-Boonton, Mountain View, 1873]"
"[Montclair-Boonton, Towaco, 1870]"
"[Montclair-Boonton, Mount Olive, 1854]"
"[Montclair-Boonton, Watsessing Avenue, 1912]"
"[Montclair-Boonton, Lincoln Park, 1872]"
"[Montclair-Boonton, Glen Ridge, 1883]"
"[Montclair-Boonton, Walnut Street, 1873]"
"[Montclair-Boonton, Watchung Avenue, 1873]"
"[Montclair-Boonton, Upper Montclair, 1873]"
"[Montclair-Boonton, Mountain Avenue, 1873]"
"[Montclair-Boonton, Lake Hopatcong, 1911]"
"[Montclair-Boonton, Hoboken, 1907]"
"[Montclair-Boonton, Montclair Heights, 1956]"
"[Montclair-Boonton, Montclair State University, 2004]"
"[Montclair-Boonton, Mountain Lakes, 1912]"
"[Montclair-Boonton, Dover, 1848]"
"[Main Line, Lyndhurst, 1928]"
"[Main Line, Clifton, 1925]"
"[Main Line, Sloatsburg, 1848]"
"[Main Line, Passaic, 1925]"
"[Main Line, Otisville, 1846]"
"[Main Line, Hoboken, 1907]"
"[Main Line, Kingsland, 1903]"
"[Main Line, Mahwah, 1848]"
"[Main Line, Delawanna, 1925]"
"[Main Line, Tuxedo, 1841]"
"[Main Line, Salisbury Mills-Cornwall, 1955]"
"[Main Line, Middletown NY, 1843]"
"[Main Line, Port Jervis, 1850]"
"[Main Line, Paterson, 1832]"
"[Main Line, Glen Rock Main Line, 1842]"
"[Main Line, Ridgewood, 1848]"
"[Main Line, Waldwick, 1886]"
"[Main Line, Allendale, 1848]"
"[Main Line, Ho-Ho-Kus, 1848]"
"[Main Line, Ramsey Route 17, 2004]"
"[Main Line, Suffern, 1841]"
"[Main Line, Campbell Hall, 1869]"
"[Main Line, Hawthorne, 1842]"
"[Main Line, Ramsey Main St, 1848]"
"[Main Line, Secaucus Lower Level, 2003]"
"[Main Line, Harriman, 1911]"
"[Gladstone Branch, Murray Hill, 1891]"
"[Gladstone Branch, Berkeley Heights, 1872]"
"[Gladstone Branch, Gladstone, 1890]"
"[Gladstone Branch, Maplewood, 1838]"
"[Gladstone Branch, Stirling, 1872]"
"[Gladstone Branch, Far Hills, 1890]"
"[Gladstone Branch, Peapack, 1890]"
"[Gladstone Branch, Orange, 1851]"
"[Gladstone Branch, Gillette, 1872]"
"[Gladstone Branch, Hoboken, 1907]"
"[Gladstone Branch, Lyons, 1872]"
"[Gladstone Branch, Basking Ridge, 1872]"
"[Gladstone Branch, Newark Broad Street, 1903]"
"[Gladstone Branch, East Orange, 1836]"
"[Gladstone Branch, Millburn, 1837]"
"[Gladstone Branch, New Providence, 1872]"
"[Gladstone Branch, Brick Church, 1836]"
"[Gladstone Branch, Highland Avenue, 1918]"
"[Gladstone Branch, South Orange, 1869]"
"[Gladstone Branch, Mountain Station, 1915]"
"[Gladstone Branch, Millington, 1872]"
"[Gladstone Branch, Bernardsville, 1872]"
"[Gladstone Branch, New York Penn Station, 1910]"
"[Gladstone Branch, Short Hills, 1879]"
"[Gladstone Branch, Summit, 1837]"
"[Bergen Co. Line, Hoboken, 1907]"
"[Bergen Co. Line, Garfield, 1881]"
"[Bergen Co. Line, Ridgewood, 1848]"
"[Bergen Co. Line, Middletown NY, 1843]"
"[Bergen Co. Line, Ho-Ho-Kus, 1848]"
"[Bergen Co. Line, Salisbury Mills-Cornwall, 1955]"
"[Bergen Co. Line, Allendale, 1848]"
"[Bergen Co. Line, Mahwah, 1848]"
"[Bergen Co. Line, Suffern, 1841]"
"[Bergen Co. Line, Tuxedo, 1841]"
"[Bergen Co. Line, Harriman, 1911]"
"[Bergen Co. Line, Wesmont, 2016]"
"[Bergen Co. Line, Glen Rock Boro Hall, 1881]"
"[Bergen Co. Line, Ramsey Route 17, 2004]"
"[Bergen Co. Line, Broadway Fair Lawn, 1881]"
"[Bergen Co. Line, Plauderville, 1881]"
"[Bergen Co. Line, Ramsey Main St, 1848]"
"[Bergen Co. Line, Secaucus Lower Lvl, 2003]"
"[Bergen Co. Line, Waldwick, 1886]"
"[Bergen Co. Line, Radburn Fair Lawn, 1930]"
"[Bergen Co. Line, Rutherford, 1833]"
"[Bergen Co. Line, Sloatsburg, 1848]"
"[Bergen Co. Line, Campbell Hall, 1869]"
"[Bergen Co. Line, Otisville, 1846]"
"[Bergen Co. Line, Port Jervis, 1850]"
"[Atl. City Line, Philadelphia, 1933]"
"[Atl. City Line, Atlantic City Rail Terminal, 1989]"
"[Atl. City Line, Cherry Hill, 1994]"
"[Atl. City Line, Absecon, 1854]"
"[Atl. City Line, Pennsauken, 2013]"
"[Atl. City Line, Egg Harbor City, 1989]"
"[Atl. City Line, Atco, 1989]"
"[Atl. City Line, Lindenwold, 1969]"
"[Atl. City Line, Hammonton, 1989]"
